id;document_number;first_name;first_surname;second_name;second_surname;type_document_id
1;Asistente;Daniel;holística program;Investment Seguridada;SQL;1
2;empower auxiliary experiences;Horacio;Consultor Guinea;Granito Islas;global;2
3;mobile Directo Travesía;Marilú;partnerships Uzbekistan archivo;Ergonómico Artesanal bluetooth;copying;3
4;multi-byte;Elvira;transmit;Clonado Pequeño;Pollo Account Dollar;4
5;Investment Electrónica Queso;Dorotea;invoice Atún Partida;de a;revolutionary Negro bypass;5
6;Chad;Timoteo;Toallas AGP;connect;Dinánmico;6
7;generating Bajada Métricas;Germán;Relacciones overriding;technologies;Salchichas;7
8;Terrenos;María Cristina;Virtual channels invoice;Morado homogénea;tangible intuitive Negro;8
9;Parafarmacia;Lorenzo;Account Violeta wireless;Informática Open-source parsing;New Humano;9
10;deposit haptic Inversor;Ana;Marca RAM Global;quantify generating;Salchichas interfaz indexing;10
